Load (N),Length (mm),Height (mm),Width (mm),Material
0.0,2.2360679774997902,0.0,0.0,-0.6546536707079771
1.7320508075688774,-0.4472135954999573,0.0,0.0,-0.6546536707079771
0.0,-0.4472135954999573,0.0,0.0,1.9639610121239313
0.0,-0.4472135954999573,0.0,0.0,0.6546536707079771
